Workbook

Sheet Sheet
A1: TEST | B1: 改款/推薦 | C1: 系列 | D1: 圖片 | E1: 型號 | F1: 品名 | G1: 色號名稱 | H1: 樣品色號 | I1: 尺寸 | J1: 訂價 | K1: 特色
C2: ALLWEATHER | D2: =U2 | E2: 1128850 | F2: DRY-TEC FULL-ZIP RAIN PANTS MEN'S | G2: BK | H2: BK | I2: =VLOOKUP(H2,[1]尺寸簡表!$C$3:$D$1263,2,0) | J2: 4040 | K2: ◎ 重量：280g、 材質：50D抗撕裂尼龍表布，DRYTEC® 3L(耐水壓20,000mm+，透氣度17,000g/㎡)，布料不含 PFAS。
C3: ALLWEATHER | D3: =U3 | E3: 1128851 | F3: DRY-TEC FULL-ZIP RAIN PANTS WOMEN'S | G3: BK | H3: BK | I3: =VLOOKUP(H3,[1]尺寸簡表!$C$3:$D$1263,2,0) | J3: 3880 | K3: ◎ 重量：264g、 材質：50D抗撕裂尼龍表布，DRYTEC® 3L(耐水壓20,000mm+，透氣度17,000g/㎡)，布料不含 PFAS。
A4: 促銷款 | B4: 活動款 | C4: ALLWEATHER | D4: =U4 | E4: 1128848 | F4: DRY-TEC RAIN PANTS MEN'S | G4: BK | H4: BK | I4: =VLOOKUP(H4,[1]尺寸簡表!$C$3:$D$1263,2,0) | J4: 2900 | K4: ◎ 重量：233g、 材質：50D抗撕裂尼龍表布，DRYTEC® 3L(耐水壓20,000mm+，透氣度17,000g/㎡)，布料不含 PFAS。
A5: 促銷款 | B5: 活動款 | C5: ALLWEATHER | D5: =U5 | E5: 1128849 | F5: DRY-TEC RAIN PANTS WOMEN'S | G5: GY NV | H5: NV | I5: =VLOOKUP(H5,[1]尺寸簡表!$C$3:$D$1263,2,0) | J5: 2900 | K5: ◎ 重量：217g、 材質：50D抗撕裂尼龍表布，DRYTEC® 3L(耐水壓20,000mm+，透氣度17,000g/㎡)，布料不含 PFAS。
C6: ALLWEATHER | D6: =U6 | E6: 1128842 | F6: GORE-TEX FULL-ZIP RAIN PANTS MEN'S | G6: BK NV | H6: NV | I6: =VLOOKUP(H6,[1]尺寸簡表!$C$3:$D$1263,2,0) | J6: 7770 | K6: ◎ 20D 尼龍抗撕裂表布，GORE-TEX® C-Knit 3L(耐水壓20,000mm，透氣度24,000g/㎡)，平均重量 : 205 g。 ◎ GORE-TEX 全開式拉鍊雨褲，不含PFAS。
C7: ALLWEATHER | D7: =U7 | E7: 1128843 | F7: GORE-TEX FULL-ZIP RAIN PANTS WOMEN'S | G7: DGY | H7: DGY | I7: =VLOOKUP(H7,[1]尺寸簡表!$C$3:$D$1263,2,0) | J7: 7380 | K7: ◎ 20D 尼龍抗撕裂表布，GORE-TEX® C-Knit 3L(耐水壓20,000mm，透氣度24,000g/㎡)，平均重量 : 193 g。 ◎ GORE-TEX 全開式拉鍊雨褲，不含PFAS。
C8: ALLWEATHER | D8: =U8 | E8: 1128840 | F8: GORE-TEX RAIN PANTS MEN'S | G8: BK GY | H8: GY | I8: =VLOOKUP(H8,[1]尺寸簡表!$C$3:$D$1263,2,0) | J8: 6540 | K8: ◎ 20D 尼龍抗撕裂表布，GORE-TEX® C-Knit 3L(耐水壓20,000mm，透氣度24,000g/㎡)，平均重量 : 181 g。 ◎ GORE-TEX 輕量雨褲，不含PFAS。
C9: ALLWEATHER | D9: =U9 | E9: 1128841 | F9: GORE-TEX RAIN PANTS WOMEN'S | G9: GY NV | H9: NV | I9: =VLOOKUP(H9,[1]尺寸簡表!$C$3:$D$1263,2,0) | J9: 6150 | K9: ◎ 20D 尼龍抗撕裂表布，GORE-TEX® C-Knit 3L(耐水壓20,000mm，透氣度24,000g/㎡)，平均重量 : 167 g。 ◎ GORE-TEX 輕量雨褲，不含PFAS。
C10: ALLWEATHER | D10: =U10 | E10: 1128687 | F10: LIGHT WEIGHT RAIN WRAP | G10: BL DGN IV | H10: IV | I10: =VLOOKUP(H10,[1]尺寸簡表!$C$3:$D$1263,2,0) | J10: 1330 | K10: ◎ 重量：71g、裙長45cm（M號）、收納尺寸6x4x10cm。 ◎ 40D尼龍表布，HYDROPRO® 2L（耐水壓5,000mm）。
C11: ALLWEATHER | D11: =U11 | E11: 1128829 | F11: PACK WRAP RAIN COAT | G11: BK CN IV YGN | H11: YGN | I11: =VLOOKUP(H11,[1]尺寸簡表!$C$3:$D$1263,2,0) | J11: 4130 | K11: ◎ 70D 尼龍表布(超耐久撥水加工)，DRYTEC® 2L(耐水壓20,000mm+，透氣度13,000g/㎡)。 ◎ 重量 : 370g，不含 PFAS。
C12: ALLWEATHER | D12: =U12 | E12: 1128787 | F12: PACK WRAP RAIN JACKET | G12: BGN BK KH OG | H12: BGN | I12: =VLOOKUP(H12,[1]尺寸簡表!$C$3:$D$1263,2,0) | J12: 4480 | K12: ◎ 重量：295g。此款雨披外套可完全覆蓋30公升以內背包，快速應付突如其來的大雨。 ◎ 表布：70D尼龍布（撥水加工），DRYTEC®2L（耐水壓20,000mm+，透氣度13,000g/㎡），布料不含 PFAS。 ◎ 後背的背包延伸空間不用時可收納，附鬆緊帶可固定背包。
C13: ALLWEATHER | D13: =U13 | E13: 1128731 | F13: PEAK SHELL JACKET MEN'S | G13: BL NV YL | H13: BL | I13: =VLOOKUP(H13,[1]尺寸簡表!$C$3:$D$1263,2,0) | J13: 8600 | K13: ◎ 重量：185g。 ◎ 15D Ballistic Airlight®表布（撥水加工），GORE-TEX®3L（耐水壓20,000mm+，透氣度20,000g/㎡）、「K-MONO CUT™」一體式剪裁。
C14: ALLWEATHER | D14: =U14 | E14: 1128732 | F14: PEAK SHELL JACKET WOMEN'S | G14: DGY PU TQ | H14: PU | I14: =VLOOKUP(H14,[1]尺寸簡表!$C$3:$D$1263,2,0) | J14: 8600 | K14: ◎ 重量：166g。 ◎ 15D Ballistic Airlight®表布（撥水加工），GORE-TEX®3L（耐水壓20,000mm+，透氣度20,000g/㎡）、「K-MONO CUT™」一體式剪裁。
C15: ALLWEATHER | D15: =U15 | E15: 1128668 | F15: PRINT TREKKING RAIN PONCHO | G15: IV PIGN | I15: =VLOOKUP(H15,[1]尺寸簡表!$C$3:$D$1263,2,0) | J15: 3040 | K15: ◎ 輕便雨披，可背負背包用。重量：295g、收納尺寸：9×9×14cm。 ◎ 40D 尼龍表布，HYDROPRO® 2L 防水塗層(耐水壓5,000mm)。
A16: 促銷款 | B16: 活動款 | C16: ALLWEATHER | D16: =U16 | E16: 1128821 | F16: RAIN DANCER JACKET MEN'S | G16: BGY BL DGN LGY OG YL | H16: BGY | I16: =VLOOKUP(H16,[1]尺寸簡表!$C$3:$D$1263,2,0) | J16: 5020 | K16: ◎ 40D 尼龍抗撕裂表布，(SUPER) DRYTEC 3L（耐水壓20,000mm+，透氣度32,000g/㎡），布料不含 PFAS，平均重量 : 317 g。 ◎ 「K-MONOCUT™」一體式剪裁。
A17: 促銷款 | B17: 活動款 | C17: ALLWEATHER | D17: =U17 | E17: 1128822 | F17: RAIN DANCER JACKET WOMEN'S | G17: BK LGY RAS YL | H17: YL | I17: =VLOOKUP(H17,[1]尺寸簡表!$C$3:$D$1263,2,0) | J17: 4680 | K17: ◎ 40D 尼龍抗撕裂表布，(SUPER) DRYTEC 3L（耐水壓20,000mm+，透氣度32,000g/㎡），布料不含 PFAS。 ◎ 「K-MONOCUT™」一體式剪裁。
C18: ALLWEATHER | D18: =U18 | E18: 1128776 | F18: RAIN HIKER JACKET MEN'S | G18: BL KH NV OG | H18: OG KH | I18: =VLOOKUP(H18,[1]尺寸簡表!$C$3:$D$1263,2,0) | J18: 3580 | K18: ◎ 重量：265g、「K-MONO CUT™」一體式剪裁大量減少布料接縫，實現防水、輕量、耐磨的高性能。 ◎ 表布：70D抗撕裂尼龍布(撥水加工)，DRYTEC® 2L(耐水壓20,000mm+，透氣度13,000g/㎡)，布料不含 PFAS。
C19: ALLWEATHER | D19: =U19 | E19: 1128777 | F19: RAIN HIKER JACKET WOMEN'S | G19: KH LBL PU TQ | H19: LBL PU | I19: =VLOOKUP(H19,[1]尺寸簡表!$C$3:$D$1263,2,0) | J19: 3270 | K19: ◎ 重量：239g、「K-MONO CUT™」一體式剪裁大量減少布料接縫，實現防水、輕量、耐磨的高性能。 ◎ 表布：70D抗撕裂尼龍布(撥水加工)，DRYTEC® 2L(耐水壓20,000mm+，透氣度13,000g/㎡)，布料不含 PFAS。
C20: ALLWEATHER | D20: =U20 | E20: 1128825 | F20: RAIN HIKER PANTS MEN'S | G20: BK OG | H20: OG | I20: =VLOOKUP(H20,[1]尺寸簡表!$C$3:$D$1263,2,0) | J20: 2100 | K20: ◎ 70D 尼龍表布(超耐久撥水加工)，DRYTEC® 2L(耐水壓20,000mm+，透氣度13,000g/㎡)。 ◎ 重量 : 183g，不含 PFAS。
C21: ALLWEATHER | D21: =U21 | E21: 1128826 | F21: RAIN HIKER PANTS WOMEN'S | G21: BK | H21: BK | I21: =VLOOKUP(H21,[1]尺寸簡表!$C$3:$D$1263,2,0) | J21: 2100 | K21: ◎ 70D 尼龍表布(超耐久撥水加工)，DRYTEC® 2L(耐水壓20,000mm+，透氣度13,000g/㎡)。 ◎ 重量 : 172g，不含 PFAS。
C22: ALLWEATHER | D22: =U22 | E22: 1128729 | F22: RAIN TREKKER JACKET MEN'S | G22: BK DGN NV RD YL | H22: YL NV BK | I22: =VLOOKUP(H22,[1]尺寸簡表!$C$3:$D$1263,2,0) | J22: 7680 | K22: ◎ 重量：301g。 ◎ 50D Ballistic®表布，GORE-TEX®3L（耐水壓20,000mm+，透氣度20,000g/㎡）、「K-MONOCUT™」一體式剪裁。
C23: ALLWEATHER | D23: =U23 | E23: 1128730 | F23: RAIN TREKKER JACKET WOMEN'S | G23: IV KH PK PU TQ | H23: PU TQ PK KH | I23: =VLOOKUP(H23,[1]尺寸簡表!$C$3:$D$1263,2,0) | J23: 7680 | K23: ◎ 重量：272g。 ◎ 50D Ballistic®表布，GORE-TEX®3L（耐水壓20,000mm+，透氣度20,000g/㎡）、「K-MONOCUT™」一體式剪裁。
C24: ALLWEATHER | D24: =U24 | E24: 1128640 | F24: RAIN WRAP SKIRT | G24: GY TN | H24: TN | I24: =VLOOKUP(H24,[1]尺寸簡表!$C$3:$D$1263,2,0) | J24: 1600 | K24: ◎ 50D 尼龍表布，DRYTEC® 3L(耐水壓20,000mm，透氣度15,000g/㎡)。 ◎ 裙長：62cm（M尺寸）、收納尺寸：6×6×14cm。
C25: ALLWEATHER | D25: =U25 | E25: 1128747 | F25: RAMBLER RAIN COAT MEN'S | G25: BK TN | I25: =VLOOKUP(H25,[1]尺寸簡表!$C$3:$D$1263,2,0) | J25: 7060 | K25: ◎ 重量：429g。 ◎ 50D DRYTEC®3L（耐水壓20,000mm+，透氣度15,000g/㎡）。
C26: ALLWEATHER | D26: =U26 | E26: 1128748 | F26: RAMBLER RAIN COAT WOMEN'S | G26: IV KH NV | H26: IV | I26: =VLOOKUP(H26,[1]尺寸簡表!$C$3:$D$1263,2,0) | J26: 6660 | K26: ◎ 重量：366g。 ◎ 50D DRYTEC®3L（耐水壓20,000mm+，透氣度15,000g/㎡）。
C27: ALLWEATHER | D27: =U27 | E27: 1128733 | F27: STORM CRUISER JACKET MEN'S | G27: BGN BK BL26 RD YL | H27: BGN BL26 YL | I27: =VLOOKUP(H27,[1]尺寸簡表!$C$3:$D$1263,2,0) | J27: 7100 | K27: ◎ 重量：254g。 ◎ 30D Ballistic® 尼龍，(SUPER) DRYTEC 3L（耐水壓20,000mm+，透氣度40,000g/㎡）、「K-MONO CUT™」一體式剪裁。
C28: ALLWEATHER | D28: =U28 | E28: 1128735 | F28: STORM CRUISER JACKET WOMEN'S | G28: DGY IV PK TQ YL | H28: TQ | I28: =VLOOKUP(H28,[1]尺寸簡表!$C$3:$D$1263,2,0) | J28: 7100 | K28: ◎ 重量：225g。 ◎ 30D Ballistic®尼龍，(SUPER) DRYTEC 3L（耐水壓20,000mm+，透氣度40,000g/㎡）、「K-MONO CUT™」一體式剪裁。
C29: ALLWEATHER | D29: =U29 | E29: 1128846 | F29: SUPER DRY-TEC FULL-ZIP RAIN PANTS MEN'S | G29: BK NV | H29: NV | I29: =VLOOKUP(H29,[1]尺寸簡表!$C$3:$D$1263,2,0) | J29: 5440 | K29: ◎ 30D 尼龍抗撕裂表布，(SUPER) DRYTEC® 3L(耐水壓20,000mm+，透氣度52,700g/㎡)，平均重量 : 219 g。 ◎ 防水超透氣全開拉鍊雨褲，不含PFAS。
C30: ALLWEATHER | D30: =U30 | E30: 1128847 | F30: SUPER DRY-TEC FULL-ZIP RAIN PANTS WOMEN'S | G30: BK | H30: BK | I30: =VLOOKUP(H30,[1]尺寸簡表!$C$3:$D$1263,2,0) | J30: 5160 | K30: ◎ 30D 尼龍抗撕裂表布，(SUPER) DRYTEC® 3L(耐水壓20,000mm+，透氣度52,700g/㎡)，平均重量 : 204 g。 ◎ 防水超透氣全開拉鍊雨褲，不含PFAS。
C31: ALLWEATHER | D31: =U31 | E31: 1128844 | F31: SUPER DRY-TEC RAIN PANTS MEN'S | G31: BK GY NV RD | H31: RD | I31: =VLOOKUP(H31,[1]尺寸簡表!$C$3:$D$1263,2,0) | J31: 4320 | K31: ◎ 30D 尼龍抗撕裂表布，(SUPER) DRYTEC® 3L(耐水壓20,000mm+，透氣度52,700g/㎡)，平均重量 : 197 g。 ◎ 輕量防水超透氣全開拉鍊雨褲，不含PFAS。
C32: ALLWEATHER | D32: =U32 | E32: 1128845 | F32: SUPER DRY-TEC RAIN PANTS WOMEN'S | G32: BK NV TQ | H32: TQ | I32: =VLOOKUP(H32,[1]尺寸簡表!$C$3:$D$1263,2,0) | J32: 3990 | K32: ◎ 30D 尼龍抗撕裂表布，(SUPER) DRYTEC® 3L(耐水壓20,000mm+，透氣度52,700g/㎡)，平均重量 : 181 g。 ◎ 輕量防水超透氣全開拉鍊雨褲，不含PFAS。
C33: ALLWEATHER | D33: =U33 | E33: 1128784 | F33: SUPER DRY-TEC STRETCH RAIN PANTS MEN'S | G33: BK BL | H33: BK | I33: =VLOOKUP(H33,[1]尺寸簡表!$C$3:$D$1263,2,0) | J33: 4940 | K33: ◎ 重量：172g。15D Ballistic Airlight®表布，(SUPER) DRYTEC 3L（耐水壓20,000mm+，透氣度50,000g/㎡），不含PFAS。
C34: ALLWEATHER | D34: =U34 | E34: 1128785 | F34: SUPER DRY-TEC STRETCH RAIN PANTS WOMEN'S | G34: BK GY | H34: BK | I34: =VLOOKUP(H34,[1]尺寸簡表!$C$3:$D$1263,2,0) | J34: 4630 | K34: ◎ 重量：158g。15D Ballistic Airlight®表布，(SUPER) DRYTEC 3L（耐水壓20,000mm+，透氣度50,000g/㎡），不含PFAS。
C35: ALLWEATHER | D35: =U35 | E35: 1128745 | F35: SUPER DRY-TEC U.L. RAIN PANTS MEN'S | G35: BK | H35: BK | I35: =VLOOKUP(H35,[1]尺寸簡表!$C$3:$D$1263,2,0) | J35: 4800 | K35: ◎ 重量：116g。 ◎ 7D Ballistic Airlight®表布，(SUPER) DRYTEC 3L（耐水壓20,000mm+，透氣度50,000g/㎡）。
C36: ALLWEATHER | D36: =U36 | E36: 1128746 | F36: SUPER DRY-TEC U.L. RAIN PANTS WOMEN'S | G36: DGY | I36: =VLOOKUP(H36,[1]尺寸簡表!$C$3:$D$1263,2,0) | J36: 4800 | K36: ◎ 7D Ballistic Airlight®表布，(SUPER) DRYTEC 3L（耐水壓20,000mm+，透氣度50,000g/㎡）。
C37: ALLWEATHER | D37: =U37 | E37: 1128721 | F37: TEMPEST JACKET MEN'S | G37: BL KH NV OG RD | H37: OG BL NV KH | I37: =VLOOKUP(H37,[1]尺寸簡表!$C$3:$D$1263,2,0) | J37: 9200 | K37: ◎ 重量：247g。 ◎ 20D GORE-TEX® 3L（耐水壓20,000mm+，透氣度20,000g/㎡）、「K-MONO CUT™」一體式剪裁。
C38: ALLWEATHER | D38: =U38 | E38: 1128723 | F38: TEMPEST JACKET WOMEN'S | G38: LBL LGN NV PK TQ | H38: LBL NV TQ | I38: =VLOOKUP(H38,[1]尺寸簡表!$C$3:$D$1263,2,0) | J38: 9200 | K38: ◎ 重量：223g。 ◎ 20D GORE-TEX® 3L（耐水壓20,000mm+，透氣度20,000g/㎡）、「K-MONO CUT™」一體式剪裁。
C39: ALLWEATHER | D39: =U39 | E39: 1128770 | F39: THUNDER PASS JACKET MEN'S | G39: BK BL DGY GN RD TN YL | H39: RD BL GN TN DGY YL | I39: =VLOOKUP(H39,[1]尺寸簡表!$C$3:$D$1263,2,0) | J39: 4400 | K39: ◎ 重量：324g、 材質：50D抗撕裂尼龍表布(撥水加工)，DRYTEC® 3L(耐水壓20,000mm+，透氣度17,000g/㎡)，布料不含 PFAS。 ◎ 前襟拉鍊為防水拉鍊（口袋拉鍊有蓋片），重量輕。
C40: ALLWEATHER | D40: =U40 | E40: 1128771 | F40: THUNDER PASS JACKET WOMEN'S | G40: BN IV LBL RD TQ | H40: IV TQ RD BN LBL | I40: =VLOOKUP(H40,[1]尺寸簡表!$C$3:$D$1263,2,0) | J40: 4400 | K40: ◎ 重量：298g、 材質：50D抗撕裂尼龍表布(撥水加工)，DRYTEC® 3L(耐水壓20,000mm+，透氣度17,000g/㎡)，布料不含 PFAS。 ◎ 前襟拉鍊為防水拉鍊（口袋拉鍊有蓋片），重量輕。
C41: ALLWEATHER | D41: =U41 | E41: 1128782 | F41: TORRENT FLIER JACKET MEN'S | G41: BK BL OG YL | H41: OG | I41: =VLOOKUP(H41,[1]尺寸簡表!$C$3:$D$1263,2,0) | J41: 7200 | K41: ◎ 重量：225g。15D Ballistic Airlight®表布，(SUPER) DRYTEC 3L（耐水壓20,000mm+，透氣度50,000g/㎡）、「K-MONO CUT™」一體式剪裁。 ◎ 布料更具彈性， 胸前單口袋改為兩側的雙口袋，不含PFAS。
C42: ALLWEATHER | D42: =U42 | E42: 1128783 | F42: TORRENT FLIER JACKET WOMEN'S | G42: BK CPK LGY YL | H42: CPK | I42: =VLOOKUP(H42,[1]尺寸簡表!$C$3:$D$1263,2,0) | J42: 7200 | K42: ◎ 重量：203g。15D Ballistic Airlight®表布，(SUPER) DRYTEC 3L（耐水壓20,000mm+，透氣度50,000g/㎡）、「K-MONO CUT™」一體式剪裁。 ◎ 布料具彈性， 胸前雙口袋，不含PFAS。
C43: ALLWEATHER | D43: =U43 | E43: 1128667 | F43: TREKKING RAIN PONCHO | G43: FRGN LTN ORBL WT | I43: =VLOOKUP(H43,[1]尺寸簡表!$C$3:$D$1263,2,0) | J43: 2900 | K43: ◎ 重量：295g、收納尺寸：9×9×14cm。 ◎ 40D尼龍表布，HYDROPRO®2L（耐水壓5,000mm）。
C44: ALLWEATHER | D44: =U44 | E44: 1128743 | F44: VERSALITE JACKET MEN'S | G44: BL LGY YL | H44: BL | I44: =VLOOKUP(H44,[1]尺寸簡表!$C$3:$D$1263,2,0) | J44: 6700 | K44: ◎ 重量：141g。 ◎ 7D Ballistic Airlight®表布，(SUPER) DRYTEC 3L（耐水壓20,000mm+，透氣度50,000g/㎡）、「K-MONO CUT™」一體式剪裁。
C45: ALLWEATHER | D45: =U45 | E45: 1128744 | F45: VERSALITE JACKET WOMEN'S | G45: BL LGN | I45: =VLOOKUP(H45,[1]尺寸簡表!$C$3:$D$1263,2,0) | J45: 6700 | K45: ◎ 重量：128g。 ◎ 7D Ballistic Airlight®表布，(SUPER) DRYTEC 3L（耐水壓20,000mm+，透氣度50,000g/㎡）、「K-MONO CUT™」一體式剪裁。
C46: ALPINE CLOTHING | D46: =U46 | E46: 1102572 | F46: DROITES PARKA MEN'S | G46: BL DGY RD | H46: DGY | I46: =VLOOKUP(H46,[1]尺寸簡表!$C$3:$D$1263,2,0) | J46: 12660 | K46: ◎ 表布：40D Ballistic® 尼龍，GORE-TEX®2L（耐水壓20,000mm+），內裡填充Thinsulate™。 ◎ 防水拉鍊，腋下有拉鍊，立體剪裁帽兜可收納於領，無雪裙。
A47: 促銷款 | B47: 活動款 | C47: ALPINE CLOTHING | D47: =U47 | E47: 1102599 | F47: FALL LINE 3IN1 DOWN PARKA MEN'S | G47: DBN DGY NV | H47: DBN | I47: =VLOOKUP(H47,[1]尺寸簡表!$C$3:$D$1263,2,0) | J47: 11000 | K47: ◎ 重量：744g。外套表布：50D 尼龍、(SUPER) DRYTEC 3L（耐水壓20,000mm+），內件表布：20D抗撕裂尼龍布（撥水加工）800FP高品質鵝絨 。 ◎ 超輕量二件式防水羽絨外套，不含PFAS。
A48: 促銷款 | B48: 活動款 | C48: ALPINE CLOTHING | D48: =U48 | E48: 1102600 | F48: FALL LINE 3IN1 DOWN PARKA WOMEN'S | G48: DBN GY LGY | H48: LGY | I48: =VLOOKUP(H48,[1]尺寸簡表!$C$3:$D$1263,2,0) | J48: 10800 | K48: ◎ 重量：670g。外套表布：50D 尼龍、(SUPER) DRYTEC 3L（耐水壓20,000mm+），內件表布：20D抗撕裂尼龍布（撥水加工）800FP高品質鵝絨 。 ◎ 超輕量二件式防水羽絨外套，不含PFAS。
C49: ALPINE CLOTHING | D49: =U49 | E49: 1102601 | F49: FALL LINE 3IN1 PARKA MEN'S | G49: BGN GY RD | H49: GY | I49: =VLOOKUP(H49,[1]尺寸簡表!$C$3:$D$1263,2,0) | J49: 10180 | K49: ◎ 重量：685g。外套表布：50D 尼龍、(SUPER) DRYTEC 3L（耐水壓20,000mm+），內件表布：20D抗撕裂尼龍布EXCELOFT®專利中空纖維 。 ◎ 超輕量二件式防水化纖外套，不含PFAS。
C50: ALPINE CLOTHING | D50: =U50 | E50: 1102602 | F50: FALL LINE 3IN1 PARKA WOMEN'S | G50: NV RD TQ | H50: RD | I50: =VLOOKUP(H50,[1]尺寸簡表!$C$3:$D$1263,2,0) | J50: 9860 | K50: ◎ 外套表布：50D 尼龍、(SUPER) DRYTEC 3L（耐水壓20,000mm+），內件表布：20D抗撕裂尼龍布EXCELOFT®專利中空纖維 。 ◎ 超輕量二件式防水化纖外套，不含PFAS。
C51: ALPINE CLOTHING | D51: =U51 | E51: 1102579 | F51: PUMORI PARKA WOMEN'S | G51: LGY TQ YL | H51: YL | I51: =VLOOKUP(H51,[1]尺寸簡表!$C$3:$D$1263,2,0) | J51: 10080 | K51: ◎ 重量：439g。表布：40D 尼龍、(SUPER) DRYTEC 3L（耐水壓20,000mm+，透氣度50,000g/㎡）。 ◎ 專為女性開發，輕量柔軟、彈性佳。臉部接觸皮膚處零件可拆除清洗。
A52: 促銷款 | B52: 活動款 | C52: BASE LAYER | D52: =U52 | E52: 1107583 | F52: SUPER MERINO WOOL EXPEDITION HIGH NECK SHIRT MEN'S | G52: BK GY | H52: GY | I52: =VLOOKUP(H52,[1]尺寸簡表!$C$3:$D$1263,2,0) | J52: 3460 | K52: ◎ 材質：美麗諾羊毛79%+聚酯纖維18%+尼龍2%+PU1%。 ◎ 天然素材具有優異的調節體溫、排汗抗臭機能。 ◎ 厚手編織適合冬季登山、雪地運動及極地遠征穿著。 ◎ 袖口專利螺紋立體剪裁，服貼腕部，增加活動的舒適性。
A53: 促銷款 | B53: 活動款 | C53: BASE LAYER | D53: =U53 | E53: 1107584 | F53: SUPER MERINO WOOL EXPEDITION HIGH NECK SHIRT WOMEN'S | G53: BK WRD | H53: WRD | I53: =VLOOKUP(H53,[1]尺寸簡表!$C$3:$D$1263,2,0) | J53: 3380 | K53: ◎ 材質：美麗諾羊毛79%+聚酯纖維18%+尼龍2%+PU1%。 ◎ 天然素材具有優異的調節體溫、排汗抗臭機能。 ◎ 厚手編織適合冬季登山、雪地運動及極地遠征穿著。 ◎ 袖口專利螺紋立體剪裁，服貼腕部，增加活動的舒適性。
C54: BASE LAYER | D54: =U54 | E54: 1107832 | F54: SUPER MERINO WOOL EXPEDITION PLUS ROUND NECK SHIRT MEN'S | G54: BK | H54: BK | I54: =VLOOKUP(H54,[1]尺寸簡表!$C$3:$D$1263,2,0) | J54: 4340 | K54: ◎ 材質：美麗諾羊毛92%+尼龍7%+聚氨酯1%。 ◎ 比例羊毛內衣，具出色的保溫性，彈性佳，適用於雪地運動、冬季登山、極地遠征。
C55: BASE LAYER | D55: =U55 | E55: 1107833 | F55: SUPER MERINO WOOL EXPEDITION PLUS ROUND NECK SHIRT WOMEN'S | G55: BK DGY | H55: BK | I55: =VLOOKUP(H55,[1]尺寸簡表!$C$3:$D$1263,2,0) | J55: 4130 | K55: ◎ 材質：美麗諾羊毛92%+尼龍7%+聚氨酯1%。 ◎ 比例羊毛內衣，具出色的保溫性，彈性佳，適用於雪地運動、冬季登山、極地遠征。
C56: BASE LAYER | D56: =U56 | E56: 1107834 | F56: SUPER MERINO WOOL EXPEDITION PLUS TIGHTS MEN'S | G56: BK | H56: BK | I56: =VLOOKUP(H56,[1]尺寸簡表!$C$3:$D$1263,2,0) | J56: 3680 | K56: ◎ 材質：美麗諾羊毛92%+尼龍7%+聚氨酯1%。 ◎ 比例羊毛內衣，具出色的保溫性，彈性佳，適用於雪地運動、冬季登山、極地遠征。
C57: BASE LAYER | D57: =U57 | E57: 1107835 | F57: SUPER MERINO WOOL EXPEDITION PLUS TIGHTS WOMEN'S | G57: BK | I57: =VLOOKUP(H57,[1]尺寸簡表!$C$3:$D$1263,2,0) | J57: 3400 | K57: ◎ 材質：美麗諾羊毛92%+尼龍7%+聚氨酯1%。 ◎ 比例羊毛內衣，具出色的保溫性，彈性佳，適用於雪地運動、冬季登山、極地遠征。
A58: 促銷款 | B58: 活動款 | C58: BASE LAYER | D58: =U58 | E58: 1107581 | F58: SUPER MERINO WOOL EXPEDITION ROUND NECK SHIRT MEN'S | G58: BK GY NV | H58: NV | I58: =VLOOKUP(H58,[1]尺寸簡表!$C$3:$D$1263,2,0) | J58: 2980 | K58: ◎ 美麗諾羊毛79%+聚酯纖維18%+尼龍2%+聚氨酯1%。 ◎ 天然素材具有優異的調節體溫、排汗抗臭機能。 ◎ 厚手編織適合冬季登山、雪地運動及極地遠征穿著。 ◎ 袖口專利螺紋立體剪裁，服貼腕部，增加活動的舒適性。
A59: 促銷款 | B59: 活動款 | C59: BASE LAYER | D59: =U59 | E59: 1107170 | F59: SUPER MERINO WOOL EXPEDITION ROUND NECK SHIRT WOMEN'S | G59: BK GY WRD | H59: WRD | I59: =VLOOKUP(H59,[1]尺寸簡表!$C$3:$D$1263,2,0) | J59: 2980 | K59: ◎ 美麗諾羊毛79%+聚酯纖維18%+尼龍2%+聚氨酯1%。 ◎ 天然素材具有優異的調節體溫、排汗抗臭機能。 ◎ 厚手編織適合冬季登山、雪地運動及極地遠征穿著。 ◎ 袖口專利螺紋立體剪裁，服貼腕部，增加活動的舒適性。
C60: BASE LAYER | D60: =U60 | E60: 1107585 | F60: SUPER MERINO WOOL EXPEDITION TIGHTS MEN'S | G60: BK | H60: BK | I60: =VLOOKUP(H60,[1]尺寸簡表!$C$3:$D$1263,2,0) | J60: 2840 | K60: ◎ 材質：美麗諾羊毛79%+聚酯纖維18%+尼龍2%+聚氨酯1% ◎ 厚手內搭褲，具出色的保溫性，適用於雪地運動、冬季登山、極地遠征。
C61: BASE LAYER | D61: =U61 | E61: 1107586 | F61: SUPER MERINO WOOL EXPEDITION TIGHTS WOMEN'S | G61: BK | H61: BK | I61: =VLOOKUP(H61,[1]尺寸簡表!$C$3:$D$1263,2,0) | J61: 2880 | K61: ◎ 材質：美麗諾羊毛79%+聚酯纖維18%+尼龍2%+聚氨酯1%。 ◎ 厚手內搭褲，具出色的保溫性，適用於雪地運動、冬季登山、極地遠征。
C62: BASE LAYER | D62: =U62 | E62: 1107673 | F62: SUPER MERINO WOOL LIGHT WEIGHT ACTIVE SHORTS WOMEN'S | G62: BK LBL | H62: BK LBL | I62: =VLOOKUP(H62,[1]尺寸簡表!$C$3:$D$1263,2,0) | J62: 1000 | K62: ◎ 材質：羊毛83%＋聚酯纖維13%＋尼龍3%＋聚氨酯1%。輕薄、保暖、舒適、防臭。
C63: BASE LAYER | D63: =U63 | E63: 1107824 | F63: SUPER MERINO WOOL LIGHT WEIGHT BRIEFS MEN'S | G63: BK | H63: BK | I63: =VLOOKUP(H63,[1]尺寸簡表!$C$3:$D$1263,2,0) | J63: 1300 | K63: ◎ 美麗諾羊毛83%+聚酯纖維13%+尼龍3%+聚氨酯1%。 ◎ 比例羊毛內褲，具出色的保溫性，彈性佳 。
C64: BASE LAYER | D64: =U64 | E64: 1107672 | F64: SUPER MERINO WOOL LIGHT WEIGHT SHORTS WOMEN'S | G64: BK LBL | H64: BK LBL | I64: =VLOOKUP(H64,[1]尺寸簡表!$C$3:$D$1263,2,0) | J64: 1220 | K64: ◎ 薄手，羊毛83%＋聚酯纖維13%＋尼龍3%＋聚氨酯1%，調節體溫、排汗抗臭。
C65: BASE LAYER | D65: =U65 | E65: 1107807 | F65: SUPER MERINO WOOL LIGHT WEIGHT SOFT BRA | G65: BK LBL | H65: BK LBL | I65: =VLOOKUP(H65,[1]尺寸簡表!$C$3:$D$1263,2,0) | J65: 1620 | K65: ◎ 薄手，83%美麗諾羊毛+13%聚酯纖維+3%尼龍+1%聚氨酯，調節體溫、透氣襯墊、排汗抗臭。
C66: BASE LAYER | D66: =U66 | E66: 1107823 | F66: SUPER MERINO WOOL LIGHT WEIGHT TRUNKS MEN'S | G66: BK NV | H66: BK | I66: =VLOOKUP(H66,[1]尺寸簡表!$C$3:$D$1263,2,0) | J66: 1370 | K66: ◎ 美麗諾羊毛83%+聚酯纖維13%+尼龍3%+聚氨酯1%。 ◎ 比例羊毛內褲，具出色的保溫性，彈性佳 。
A67: 促銷款 | B67: 活動款 | C67: BASE LAYER | D67: =U67 | E67: 1107656 | F67: SUPER MERINO WOOL MIDDLE WEIGHT HIGH NECK SHIRT MEN'S | G67: BK DKNV | H67: DKNV | I67: =VLOOKUP(H67,[1]尺寸簡表!$C$3:$D$1263,2,0) | J67: 3000 | K67: ◎ 材質：美麗諾羊毛85%、聚酯纖維15%。 ◎ 天然素材具有優異的調節體溫、排汗抗臭機能。 ◎ 中厚手編織適合登山、雪地運動及日常生活穿著。
A68: 促銷款 | B68: 活動款 | C68: BASE LAYER | D68: =U68 | E68: 1107657 | F68: SUPER MERINO WOOL MIDDLE WEIGHT HIGH NECK SHIRT WOMEN'S | G68: BK | H68: BK | I68: =VLOOKUP(H68,[1]尺寸簡表!$C$3:$D$1263,2,0) | J68: 2800 | K68: ◎ 材質：美麗諾羊毛85%、聚酯纖維15%。 ◎ 天然素材具有優異的調節體溫、排汗抗臭機能。 ◎ 中厚手編織適合登山、雪地運動及日常生活穿著。
A69: 促銷款 | B69: 活動款 | C69: BASE LAYER | D69: =U69 | E69: 1107654 | F69: SUPER MERINO WOOL MIDDLE WEIGHT ROUND NECK SHIRT MEN'S | G69: BK DKNV LTSV | H69: DKNV | I69: =VLOOKUP(H69,[1]尺寸簡表!$C$3:$D$1263,2,0) | J69: 2600 | K69: ◎ 材質：美麗諾羊毛85%、聚酯纖維15%。 ◎ 天然素材具有優異的調節體溫、排汗抗臭機能。 ◎ 中厚手編織適合登山、雪地運動及日常生活穿著。
A70: 促銷款 | B70: 活動款 | C70: BASE LAYER | D70: =U70 | E70: 1107655 | F70: SUPER MERINO WOOL MIDDLE WEIGHT ROUND NECK SHIRT WOMEN'S | G70: BK IV | H70: BK | I70: =VLOOKUP(H70,[1]尺寸簡表!$C$3:$D$1263,2,0) | J70: 2480 | K70: ◎ 材質：美麗諾羊毛85%、聚酯纖維15%。 ◎ 天然素材具有優異的調節體溫、排汗抗臭機能。 ◎ 中厚手編織適合登山、雪地運動及日常生活穿著。
C71: BASE LAYER | D71: =U71 | E71: 1107659 | F71: SUPER MERINO WOOL MIDDLE WEIGHT TIGHTS MEN'S | G71: BK DKNV | H71: DKNV | I71: =VLOOKUP(H71,[1]尺寸簡表!$C$3:$D$1263,2,0) | J71: 2780 | K71: ◎ 材質：美麗諾羊毛85%、聚酯纖維15%。 ◎ 中厚手內搭褲，具出色的保溫性和伸縮性，適用於各種環境。
C72: BASE LAYER | D72: =U72 | E72: 1107660 | F72: SUPER MERINO WOOL MIDDLE WEIGHT TIGHTS WOMEN'S | G72: BK | H72: BK | I72: =VLOOKUP(H72,[1]尺寸簡表!$C$3:$D$1263,2,0) | J72: 2480 | K72: ◎ 材質：美麗諾羊毛85%、聚酯纖維15%。 ◎ 中厚手內搭褲，具出色的保溫性和伸縮性，適用於各種環境。
C73: BASE LAYER | D73: =U73 | E73: 1107177 | F73: WICKRON LIGHT TRUNKS | G73: BASM IND NV | H73: IND | I73: =VLOOKUP(H73,[1]尺寸簡表!$C$3:$D$1263,2,0) | J73: 830 | K73: ◎ wickron® SUPER WICKDRY FIBER：光觸媒粒子分解異味、抗污、抑菌。抗起毛球、UV CUT。
C74: BASE LAYER | D74: =U74 | E74: 1107764 | F74: ZEO-LINE COOL MESH BRIEFS MEN'S | G74: BK | H74: BK | I74: =VLOOKUP(H74,[1]尺寸簡表!$C$3:$D$1263,2,0) | J74: 760 | K74: ◎ 極薄手，ZEO-LINE® COOL MESH：速乾透氣、抗菌防臭。
A75: 27SS | B75: 27SS | C75: BASE LAYER | D75: =U75 | E75: 1107868 | F75: ZEO-LINE COOL MESH SHORTS WOMEN'S | G75: BK CPK | H75: CPK | I75: =VLOOKUP(H75,[1]尺寸簡表!$C$3:$D$1263,2,0) | J75: 610 | K75: ◎ 極薄手，ZEO-LINE® COOL MESH：速乾透氣、抗菌防臭。
C76: BASE LAYER | D76: =U76 | E76: 1107763 | F76: ZEO-LINE COOL MESH TRUNKS MEN'S | G76: BK LGY | H76: BK | I76: =VLOOKUP(H76,[1]尺寸簡表!$C$3:$D$1263,2,0) | J76: 760 | K76: ◎ 極薄手，ZEO-LINE® COOL MESH：速乾透氣、抗菌防臭。
A77: 促銷款 | B77: 活動款 | C77: BASE LAYER | D77: =U77 | E77: 1107714 | F77: ZEO-LINE EXPEDITION HIGH NECK SHIRT MEN'S | G77: BK NV | H77: BK | I77: =VLOOKUP(H77,[1]尺寸簡表!$C$3:$D$1263,2,0) | J77: 2180 | K77: ◎ ZEO-LINE®內衣系列擁有比一般市售商品優異的速乾性，且具有保溫及抗菌的機能。 ◎ EXP.厚手材質適用於雪地運動、冬季登山、極地遠征等活動時穿著。 ◎ 袖口專利螺紋立體剪裁，服貼腕部，增加活動的舒適性。
A78: 促銷款 | B78: 活動款 | C78: BASE LAYER | D78: =U78 | E78: 1107715 | F78: ZEO-LINE EXPEDITION HIGH NECK SHIRT WOMEN'S | G78: BK | H78: BK | I78: =VLOOKUP(H78,[1]尺寸簡表!$C$3:$D$1263,2,0) | J78: 2050 | K78: ◎ ZEO-LINE®內衣系列擁有比一般市售商品優異的速乾性，且具有保溫及抗菌的機能。 ◎ EXP.厚手材質適用於雪地運動、冬季登山、極地遠征等活動時穿著。 ◎ 袖口專利螺紋立體剪裁，服貼腕部，增加活動的舒適性。
A79: 促銷款 | B79: 活動款 | C79: BASE LAYER | D79: =U79 | E79: 1107712 | F79: ZEO-LINE EXPEDITION ROUND NECK SHIRT MEN'S | G79: BK NV | H79: NV | I79: =VLOOKUP(H79,[1]尺寸簡表!$C$3:$D$1263,2,0) | J79: 2040 | K79: ◎ ZEO-LINE®內衣系列擁有比一般市售商品優異的速乾性，且具有保溫及抗菌的機能。 ◎ EXP.厚手材質適用於雪地運動、冬季登山、極地遠征等活動時穿著。 ◎ 袖口專利螺紋立體剪裁，服貼腕部，增加活動的舒適性。
A80: 促銷款 | B80: 活動款 | C80: BASE LAYER | D80: =U80 | E80: 1107713 | F80: ZEO-LINE EXPEDITION ROUND NECK SHIRT WOMEN'S | G80: BK BL | H80: BK | I80: =VLOOKUP(H80,[1]尺寸簡表!$C$3:$D$1263,2,0) | J80: 1960 | K80: ◎ ZEO-LINE®內衣系列擁有比一般市售商品優異的速乾性，且具有保溫及抗菌的機能。 ◎ EXP.厚手材質適用於雪地運動、冬季登山、極地遠征等活動時穿著。 ◎ 袖口專利螺紋立體剪裁，服貼腕部，增加活動的舒適性。
C81: BASE LAYER | D81: =U81 | E81: 1107716 | F81: ZEO-LINE EXPEDITION TIGHTS MEN'S | G81: BK | I81: =VLOOKUP(H81,[1]尺寸簡表!$C$3:$D$1263,2,0) | J81: 1870 | K81: ◎ ZEO-LINE®內衣系列擁有比一般市售商品優異的速乾性，且具有保溫及抗菌的機能。 ◎ EXP.厚手內搭褲適用於雪地運動、冬季登山、極地遠征等活動時穿著。
C82: BASE LAYER | D82: =U82 | E82: 1107717 | F82: ZEO-LINE EXPEDITION TIGHTS WOMEN'S | G82: BK | H82: BK | I82: =VLOOKUP(H82,[1]尺寸簡表!$C$3:$D$1263,2,0) | J82: 1840 | K82: ◎ ZEO-LINE®內衣系列擁有比一般市售商品優異的速乾性，且具有保溫及抗菌的機能。 ◎ EXP.厚手內搭褲適用於雪地運動、冬季登山、極地遠征等活動時穿著。
C83: BASE LAYER | D83: =U83 | E83: 1107749 | F83: ZEO-LINE LIGHT WEIGHT ACTIVE SHORTS WOMEN'S | G83: BK LBL TN | H83: BK | I83: =VLOOKUP(H83,[1]尺寸簡表!$C$3:$D$1263,2,0) | J83: 760 | K83: ◎ 薄手，ZEO-LINE®：速乾透氣、保溫、銀離子抗菌防臭、抗靜電。
C84: BASE LAYER | D84: =U84 | E84: 1107828 | F84: ZEO-LINE LIGHT WEIGHT BRIEFS MEN'S | G84: BK LGY | H84: LGY | I84: =VLOOKUP(H84,[1]尺寸簡表!$C$3:$D$1263,2,0) | J84: 800 | K84: ◎ 薄手，ZEO-LINE® （100%聚酯纖維）。 ◎ 速乾透氣的運動內褲同時具備保溫、抗菌防臭、抗靜電。
C85: BASE LAYER | D85: =U85 | E85: 1107829 | F85: ZEO-LINE LIGHT WEIGHT CLOSE-FIT TRUNKS MEN'S | G85: BK DGN GY | H85: GY | I85: =VLOOKUP(H85,[1]尺寸簡表!$C$3:$D$1263,2,0) | J85: 940 | K85: ◎ 薄手，ZEO-LINE® （聚酯纖維97% + 聚氨酯3%）。前開檔。輕量柔軟、快乾防臭。
C86: BASE LAYER | D86: =U86 | E86: 1107827 | F86: ZEO-LINE LIGHT WEIGHT FLYLESS TRUNKS MEN'S | G86: BK LGY NV | H86: LGY | I86: =VLOOKUP(H86,[1]尺寸簡表!$C$3:$D$1263,2,0) | J86: 870 | K86: ◎ 薄手，ZEO-LINE® （聚酯纖維100%）。輕量柔軟、快乾防臭。
C87: BASE LAYER | D87: =U87 | E87: 1107747 | F87: ZEO-LINE LIGHT WEIGHT SHORTS WOMEN'S | G87: BK LBL TN | H87: TN | I87: =VLOOKUP(H87,[1]尺寸簡表!$C$3:$D$1263,2,0) | J87: 720 | K87: ◎ 薄手，ZEO-LINE®：速乾透氣、保溫、銀離子抗菌防臭、抗靜電。
C88: BASE LAYER | D88: =U88 | E88: 1107819 | F88: ZEO-LINE LIGHT WEIGHT SMOOTH ACTIVE SHORTS WOMEN'S | G88: BK KH TN | H88: BK | I88: =VLOOKUP(H88,[1]尺寸簡表!$C$3:$D$1263,2,0) | J88: 900 | K88: ◎ 聚酯纖維75%+聚氨酯25%。短褲，採用舒適、耐磨的布料製成。
C89: BASE LAYER | D89: =U89 | E89: 1107818 | F89: ZEO-LINE LIGHT WEIGHT SMOOTH LOW RISE ACTIVE SHORTS WOMEN'S | G89: BK KH TN | H89: TN | I89: =VLOOKUP(H89,[1]尺寸簡表!$C$3:$D$1263,2,0) | J89: 860 | K89: ◎ 聚酯纖維75%+聚氨酯25%。短褲，採用舒適、耐磨的布料製成。
C90: BASE LAYER | D90: =U90 | E90: 1107816 | F90: ZEO-LINE LIGHT WEIGHT SMOOTH SOFT BRA | G90: BK KH TN | H90: BK | I90: =VLOOKUP(H90,[1]尺寸簡表!$C$3:$D$1263,2,0) | J90: 1480 | K90: ◎ 材質 : 聚酯纖維75%+聚氨酯25%。運動型胸罩，採用舒適、耐磨的布料製成。
C91: BASE LAYER | D91: =U91 | E91: 1107826 | F91: ZEO-LINE LIGHT WEIGHT TRUNKS MEN'S | G91: BK LGY NV | H91: LGY | I91: =VLOOKUP(H91,[1]尺寸簡表!$C$3:$D$1263,2,0) | J91: 870 | K91: ◎ 薄手，ZEO-LINE® （聚酯纖維100%）。 ◎速乾透氣的運動內褲同時具備保溫、抗菌防臭、抗靜電。
A92: 促銷款 | B92: 活動款 | C92: BASE LAYER | D92: =U92 | E92: 1107706 | F92: ZEO-LINE MIDDLE WEIGHT HIGH NECK SHIRT MEN'S | G92: BK LGY NV | H92: BK | I92: =VLOOKUP(H92,[1]尺寸簡表!$C$3:$D$1263,2,0) | J92: 1850 | K92: ◎ ZEO-LINE®內衣系列擁有比一般市售商品優異的速乾性，且具有保溫及抗菌的機能。 ◎ M.W.中厚手材質適用於雪地運動、登山、冰攀等活動時穿著。 ◎ 袖口專利螺紋立體剪裁，服貼腕部，增加活動的舒適性。
A93: 促銷款 | B93: 活動款 | C93: BASE LAYER | D93: =U93 | E93: 1107707 | F93: ZEO-LINE MIDDLE WEIGHT HIGH NECK SHIRT WOMEN'S | G93: BK | H93: BK | I93: =VLOOKUP(H93,[1]尺寸簡表!$C$3:$D$1263,2,0) | J93: 1770 | K93: ◎ ZEO-LINE®內衣系列擁有比一般市售商品優異的速乾性，且具有保溫及抗菌的機能。 ◎ M.W.中厚手材質適用於雪地運動、登山、冰攀等活動時穿著。 ◎ 袖口專利螺紋立體剪裁，服貼腕部，增加活動的舒適性。
A94: 促銷款 | B94: 活動款 | C94: BASE LAYER | D94: =U94 | E94: 1107704 | F94: ZEO-LINE MIDDLE WEIGHT ROUND NECK SHIRT MEN'S | G94: BK DGN LGY NV | H94: LGY | I94: =VLOOKUP(H94,[1]尺寸簡表!$C$3:$D$1263,2,0) | J94: 1590 | K94: ◎ ZEO-LINE®內衣系列擁有比一般市售商品優異的速乾性，且具有保溫及抗菌的機能。 ◎ M.W.中厚手材質適用於雪地運動、登山、冰攀等活動時穿著。 ◎ 袖口專利螺紋立體剪裁，服貼腕部，增加活動的舒適性。
A95: 促銷款 | B95: 活動款 | C95: BASE LAYER | D95: =U95 | E95: 1107705 | F95: ZEO-LINE MIDDLE WEIGHT ROUND NECK SHIRT WOMEN'S | G95: BK DGN LV | H95: BK | I95: =VLOOKUP(H95,[1]尺寸簡表!$C$3:$D$1263,2,0) | J95: 1550 | K95: ◎ ZEO-LINE®內衣系列擁有比一般市售商品優異的速乾性，且具有保溫及抗菌的機能。 ◎ M.W.中厚手材質適用於雪地運動、登山、冰攀等活動時穿著。 ◎ 袖口專利螺紋立體剪裁，服貼腕部，增加活動的舒適性。
C96: BASE LAYER | D96: =U96 | E96: 1107709 | F96: ZEO-LINE MIDDLE WEIGHT TIGHTS MEN'S | G96: BK DGN LGY NV | H96: BK | I96: =VLOOKUP(H96,[1]尺寸簡表!$C$3:$D$1263,2,0) | J96: 1550 | K96: ◎ ZEO-LINE®內衣系列擁有比一般市售商品優異的速乾性，且具有保溫及抗菌的機能。 ◎ M.W.中厚手材質適用於雪地運動、登山、冰攀等活動時穿著。
C97: BASE LAYER | D97: =U97 | E97: 1107710 | F97: ZEO-LINE MIDDLE WEIGHT TIGHTS WOMEN'S | G97: BK DGN LV | H97: BK | I97: =VLOOKUP(H97,[1]尺寸簡表!$C$3:$D$1263,2,0) | J97: 1480 | K97: ◎ ZEO-LINE®內衣系列擁有比一般市售商品優異的速乾性，且具有保溫及抗菌的機能。 ◎ M.W.中厚手材質適用於雪地運動、登山、冰攀等活動時穿著。
C98: CAP & HAT | D98: =U98 | E98: 1118896 | F98: ALPINE INNER CAP | G98: BK LGY | H98: LGY | I98: =VLOOKUP(H98,[1]尺寸簡表!$C$3:$D$1263,2,0) | J98: 1010 | K98: ◎ 表布：CLIMA BARRIER®（20D聚酯纖維）、內層：聚酯纖維。 ◎ 蓋耳的部分有透氣孔可聽見外面聲音，適合在寒冷環境中使用。
C99: CAP & HAT | D99: =U99 | E99: 1118943 | F99: BUGPROOF HAT | G99: NV TN | H99: TN | I99: =VLOOKUP(H99,[1]尺寸簡表!$C$3:$D$1263,2,0) | J99: 1730 | K99: ◎ 帽簷長度：9.0cm。 ◎ 70D消光尼龍（撥水加工）、聚酯纖維網布；網布可收納。
C100: CAP & HAT | D100: =U100 | E100: 1118944 | F100: BUGPROOF NET | G100: BK | H100: BK | J100: 720 | K100: ◎ 聚酯纖維網布、可附掛的防蚊網罩。
...
